CREATE USER IF NOT EXISTS SA SALT '8ff51e11ff5eb99b' HASH '8bd1e3cf91fbd90af2bb0498031a4c58b741fcc8089da83433dd259af838f7a1' ADMIN;
CREATE CACHED TABLE PUBLIC.UNITS(
    ID_UNIT INT NOT NULL,
    NAME_SHORT VARCHAR,
    NAME_LONG VARCHAR,
    IS_DELETED BOOLEAN DEFAULT FALSE NOT NULL
);
ALTER TABLE PUBLIC.UNITS ADD CONSTRAINT PUBLIC.CONSTRAINT_4 PRIMARY KEY(ID_UNIT);
-- 7 +/- SELECT COUNT(*) FROM PUBLIC.UNITS;
INSERT INTO PUBLIC.UNITS(ID_UNIT, NAME_SHORT, NAME_LONG, IS_DELETED) VALUES
(2, STRINGDECODE('\u043a\u0433'), STRINGDECODE('\u043a\u0438\u043b\u043e\u0433\u0440\u0430\u043c\u043c\u044b'), FALSE),
(1, STRINGDECODE('\u043c'), STRINGDECODE('\u043c\u0435\u0442\u0440\u044b'), FALSE),
(3, STRINGDECODE('\u0448\u0442'), STRINGDECODE('\u0448\u0442\u0443\u043a\u0438'), FALSE),
(4, STRINGDECODE('\u0435\u0434'), STRINGDECODE('\u0435\u0434\u0438\u043d\u0438\u0446\u044b'), FALSE),
(5, STRINGDECODE('\u043b'), STRINGDECODE('\u043b\u0438\u0442\u0440\u044b'), FALSE),
(6, '123', 'abc', FALSE),
(7, STRINGDECODE('\u0431.'), STRINGDECODE('\u0431\u0430\u0439\u0442\u044b'), FALSE);
CREATE CACHED TABLE PUBLIC.GOODS(
    ID INT NOT NULL,
    NAME VARCHAR,
    COST INT,
    UNIT INT,
    NUMBER INT,
    CATEGORY INT
);
ALTER TABLE PUBLIC.GOODS ADD CONSTRAINT PUBLIC.CONSTRAINT_40 PRIMARY KEY(ID);
-- 27 +/- SELECT COUNT(*) FROM PUBLIC.GOODS;
INSERT INTO PUBLIC.GOODS(ID, NAME, COST, UNIT, NUMBER, CATEGORY) VALUES
(0, STRINGDECODE('\u0445\u043b\u0435\u0431'), 22, 2, 100, 2),
(12701983, 'name', 110, 2, 12, 2),
(13089000, STRINGDECODE('\u0442\u043e\u043c\u0430\u0442\u043d\u044b\u0439 \u0441\u043e\u043a'), 50, 5, 50, 2),
(15909353, 'Slackware Linux', 355, 3, 100, 12),
(17435883, STRINGDECODE('\u043f\u0430\u0441\u044c\u044f\u043d\u0441 \u043a\u043e\u0441\u044b\u043d\u043a\u0430'), 150, 2, 1, 13),
(26432968, STRINGDECODE('\u0442\u0430\u0431\u0443\u0440\u0435\u0442\u043a\u0430'), 120, 3, 1, 16),
(32265432, STRINGDECODE('\u0441\u0430\u0445\u0430\u0440'), 25, 2, 20, 2),
(33110383, STRINGDECODE('\u0440\u044b\u0431\u0430'), 300, 2, 20, 2),
(34062789, 'mitsumi classic', 150, 2, 7, 8),
(36632738, STRINGDECODE('\u0441\u043a\u0430\u043d\u0435\u0440'), 7500, 3, 8, 15),
(42327830, STRINGDECODE('\u0440\u0438\u0441'), 80, 2, 3, 2),
(44573768, 'noname antivirus', 0, 3, 5, 14),
(52454878, STRINGDECODE('\u043f\u0440\u0438\u043d\u0442\u0435\u0440'), 310, 3, 10, 15),
(56166937, 'asus x17', 23000, 3, 3, 7),
(63199820, 'Intel Core i7', 17500, 3, 15, 6),
(66547083, STRINGDECODE('\u0442\u0443\u0448\u044c'), 125, 3, 10, 3),
(71525144, 'Intel DP55', 12450, 3, 2, 7),
(77557906, STRINGDECODE('ps/2 \u043c\u044b\u0448\u044c'), 150, 3, 30, 9),
(80963330, STRINGDECODE('\u0441\u0438\u0442\u0435\u0446'), 220, 1, 75, 11),
(83286259, 'Gigabyte e2e4', 41400, 3, 13, 7),
(87980770, STRINGDECODE('\u043c\u0438\u043d\u0435\u0440\u0430\u043b\u044c\u043d\u0430\u044f \u0432\u043e\u0434\u0430'), 25, 5, 50, 2),
(88625537, STRINGDECODE('\u0444\u0435\u0442\u0440'), 350, 1, 200, 11),
(90888869, STRINGDECODE('\u0432\u0430\u0444\u043b\u0438'), 30, 3, 35, 2),
(91748600, STRINGDECODE('\u0431\u0440\u0435\u0437\u0435\u043d\u0442'), 145, 1, 80, 11),
(93727607, STRINGDECODE('\u043f\u0438\u0446\u0446\u0430'), 100, 4, 15, 2),
(94745505, STRINGDECODE('\u0437\u0443\u0431\u043d\u0430\u044f \u043f\u0430\u0441\u0442\u0430'), 150, 3, 20, 3),
(99702468, STRINGDECODE('\u043a\u0440\u0435\u0441\u043b\u043e'), 100, 3, 1, 16);
CREATE CACHED TABLE PUBLIC.CATEGORIES(
    ID_CATEGORY INT NOT NULL,
    ID_CATEGORY_PARENT INT,
    CATEGORY_NAME VARCHAR,
    IS_DELETED BOOLEAN DEFAULT FALSE NOT NULL
);
ALTER TABLE PUBLIC.CATEGORIES ADD CONSTRAINT PUBLIC.CONSTRAINT_3 PRIMARY KEY(ID_CATEGORY);
-- 17 +/- SELECT COUNT(*) FROM PUBLIC.CATEGORIES;
INSERT INTO PUBLIC.CATEGORIES(ID_CATEGORY, ID_CATEGORY_PARENT, CATEGORY_NAME, IS_DELETED) VALUES
(1, 0, STRINGDECODE('\u043f\u0440\u043e\u043c. \u0442\u043e\u0432\u0430\u0440\u044b'), FALSE),
(2, 0, STRINGDECODE('\u0431\u0430\u043a\u0430\u043b\u0435\u044f'), FALSE),
(3, 0, STRINGDECODE('\u043a\u043e\u0441\u043c\u0435\u0442\u0438\u043a\u0430'), FALSE),
(4, 0, STRINGDECODE('\u043b\u0435\u043a\u0430\u0440\u0441\u0442\u0432\u0430'), FALSE),
(5, 0, STRINGDECODE('\u043a\u043e\u043c\u043f\u043b\u0435\u043a\u0442\u0443\u044e\u0449\u0438\u0435'), FALSE),
(6, 5, STRINGDECODE('\u043f\u0440\u043e\u0446\u0435\u0441\u0441\u043e\u0440\u044b'), FALSE),
(7, 5, STRINGDECODE('\u043c\u0430\u0442. \u043f\u043b\u0430\u0442\u044b'), FALSE),
(8, 5, STRINGDECODE('\u043a\u043b\u0430\u0432\u0438\u0430\u0442\u0443\u0440\u044b'), FALSE),
(10, 5, STRINGDECODE('\u043c\u043e\u043d\u0438\u0442\u043e\u0440\u044b'), FALSE),
(11, 1, STRINGDECODE('\u0442\u043a\u0430\u043d\u0438'), FALSE),
(12, 0, STRINGDECODE('\u043f\u0440\u043e\u0433\u0440\u0430\u043c\u043c\u043d\u043e\u0435 \u043e\u0431\u0435\u0441\u043f\u0435\u0447\u0435\u043d\u0438\u0435'), FALSE),
(13, 12, STRINGDECODE('\u0438\u0433\u0440\u044b'), FALSE),
(9, 5, STRINGDECODE('\u043c\u044b\u0448\u043a\u0438'), FALSE),
(14, 12, STRINGDECODE('\u0430\u043d\u0442\u0438\u0432\u0438\u0440\u0443\u0441\u044b'), FALSE),
(15, 0, STRINGDECODE('\u043e\u0440\u0433\u0442\u0435\u0445\u043d\u0438\u043a\u0430'), FALSE),
(16, 0, STRINGDECODE('\u043c\u0435\u0431\u0435\u043b\u044c'), FALSE),
(17, 12, STRINGDECODE('\u043f\u0430\u0442\u0447\u0438'), FALSE);
